evolution$generation,evolution$evaluated,energyIntake,energyGain,basalEnergy,brachiationSpeed,swaySpeed,climbSpeed,descentSpeed,walkSpeed,month,objective$budgetFit,evolution$samples,totalEnergyIntake,climb,walk,travelDistance,feedingBudget,brachiation,travellingBudget,descent,restingBudget,sway,energyExpenditure
200,1513,8.683540267440797,278.3414450577251,8.025239046039859,1.8378604117908166,1.8581190725352907,0.45676192048996633,1.6920090429231267,0.4984343757113634,2,0.8181818181818182,3,"[1391.7072252886255,1391.7072252886255,1113.3657802309003]","[13.487525987525988,13.235079527214356,12.372448979591837]","[0.0,0.0,0.0]","[198.1403168032091,185.74556831354602,192.85006031807973]","[0.3703703703703704,0.3703703703703704,0.2962962962962963]","[0.5102040816326531,1.0879629629629628,1.2531328320802004]","[73.17708333333333,72.09143518518519,82.51041666666667]","[15.339366515837105,12.831534662520577,16.228070175438596]","[26.452546296296298,27.538194444444443,17.230324074074076]","[70.49819927971188,70.12494422132977,70.87735849056604]","[4400.223742096274,4362.6112420962745,4405.787242096274]"
200,1513,8.094679446008556,481.759529785698,6.042309559771391,1.2261503979597017,1.5677892782473768,1.363234994863137,1.8164769319536427,0.5222959154875612,12,0.8181818181818182,2,"[3372.316708499886,3372.316708499886]","[15.231092436974789,7.919254658385093]","[0.0,0.0]","[97.05078835612503,40.490932334626876]","[0.9733796296296295,0.9722222222222222]","[0.0,0.0]","[0.26967592592592593,0.09259259259259259]","[16.07912260086173,9.610983981693362]","[98.75347222222223,98.93518518518519]","[70.23809523809524,79.24641148325358]","[3173.9400886926687,3009.6405886926686]"
200,1513,9.822132621049446,482.4399301148482,12.285210233861358,1.0990204836211417,1.3514800724922311,0.28415792172019183,1.0307027220150005,0.7430706540640716,3,0.8181818181818182,2,"[4341.959371033634,4341.959371033634]","[12.940875305283814,13.15654672663668]","[0.17206864162730034,0.1817583814260812]","[17898.358772950498,17460.862397800036]","[1.0208333333333333,1.0208333333333333]","[0.7261112869124231,0.677320831925746]","[40.795138888888886,40.523148148148145]","[13.63501166234948,13.858133070711474]","[58.18402777777777,58.45601851851852]","[72.56309561200786,72.16313941625098]","[56169.1744122564,54835.91591225628]"
200,1513,6.192357949035398,336.5726459510613,0.816821735913841,1.611058708380796,1.725544730445736,0.7032455256282643,0.9964838110639933,0.967360186178949,12,0.9090909090909091,9,"[673.1452919021226,673.1452919021226,673.1452919021226,673.1452919021226,673.1452919021226,673.1452919021226,673.1452919021226,673.1452919021226,673.1452919021226]","[10.0,12.894736842105264,12.549019607843137,9.586056644880173,13.664596273291924,11.11111111111111,5.555555555555555,19.090909090909093,11.11111111111111]","[0.0,0.0,0.0,0.0,0.0,0.0,0.0,0.0,0.0]","[14.034940101156998,8.461899566921208,11.142920000832458,28.946203842222765,21.918840350161805,22.968458912663593,12.446633576611628,11.671629384628115,20.41941959166637]","[0.25,0.25,0.25,0.25,0.25,0.25,0.25,0.25,0.25]","[0.0,0.0,0.0,0.0,0.0,0.0,0.0,0.0,0.0]","[0.030092592592592594,0.015046296296296295,0.041666666666666664,0.07060185185185185,0.04166666666666667,0.05092592592592592,0.023148148148148147,0.027777777777777776,0.03819444444444445]","[12.916666666666668,13.961038961038959,11.212121212121213,11.437908496732025,13.888888888888888,18.333333333333332,14.550264550264549,2.7777777777777777,16.590909090909093]","[99.7199074074074,99.7349537037037,99.70717592592592,99.67592592592592,99.70833333333334,99.69907407407408,99.72685185185185,99.72222222222223,99.71180555555554]","[72.5,69.0909090909091,69.69696969696969,78.46153846153847,69.04761904761904,70.29411764705883,61.9047619047619,66.66666666666666,66.66666666666666]","[429.6559332384885,416.6039332384885,424.4139332384885,467.1104332384885,453.4644332384885,451.40743323848847,425.53293323848845,420.32093323848846,450.2904332384885]"
200,1513,7.470011044187876,210.875228758805,4.176995091249768,0.7384177017300717,0.7426093912359116,0.9673568518258233,1.9373873388413982,0.6940408153114987,3,0.8181818181818182,2,"[1897.8770588292448,1897.8770588292448]","[12.95699879241332,12.953992037251798]","[0.17736580163594817,0.1515615391692523]","[11330.355659784456,11373.463936422986]","[0.5833333333333334,0.5833333333333334]","[0.6722312786103154,0.7361460749794525]","[42.58796296296296,43.267361111111114]","[13.605633666093645,13.756738002253037]","[56.8287037037037,56.14930555555556]","[72.38750608486033,72.21938485983429]","[32891.98664380082,33583.54014380071]"
200,1513,4.50409429815535,364.33767420773876,9.957658024460226,0.2069339903701451,1.7645104713333806,1.3809039714954385,1.637244491508169,0.7026717759431601,4,0.8181818181818182,2,"[4372.052090492866,4372.052090492866]","[13.213589598578716,12.967802232117828]","[0.1965167641698422,0.146914516656316]","[13304.146149489563,13375.508661863925]","[2.25,2.25]","[0.785602984339782,0.7086170566564927]","[28.587962962962962,28.74074074074074]","[13.96710536576621,13.704026408374235]","[69.16203703703704,69.00925925925927]","[71.76941840471171,72.43012013485765]","[41987.15735173684,42333.85035173696]"
200,1513,1.7661394253254574,283.1558491954402,14.344837774586722,0.9662521048861221,1.927324234456081,0.5057672845952723,1.6488740659422054,0.11355276521870426,6,0.8181818181818182,3,"[6795.740380690565,6937.318305288285,7078.896229886005]","[12.372448979591837,12.67840259330962,12.923538748188532]","[0.5731011412829594,0.5634920634920635,0.47407142377960154]","[703.7462640201669,448.0910393521183,617.360475540684]","[8.89236111111111,9.07986111111111,9.26736111111111]","[0.33420758496287195,0.13812154696132595,0.28687210764690896]","[31.041666666666668,32.42824074074074,31.385416666666668]","[13.576373041229271,13.508490326940947,14.967147082045312]","[60.0625,58.67824074074073,59.34606481481482]","[73.21428571428572,73.16060947412106,72.51403908874667]","[8893.398631804455,8170.790131804455,8669.714631804454]"
200,1513,2.8158498450575244,408.39048730848907,13.557263236664696,0.6646918990731498,1.6163579923172078,0.1641684784119367,1.8098939364077418,0.5904569483887604,3,0.8181818181818182,3,"[3675.514385776401,3675.514385776401,3675.514385776401]","[12.980431052556177,13.001621369196052,12.949097315965243]","[0.16107088629143637,0.186012983875133,0.1790867269134579]","[24780.44922009764,24694.432986492437,24171.863362981818]","[3.0208333333333335,3.0208333333333335,3.0208333333333335]","[0.7266957154653136,0.7112601554561068,0.7355769679978991]","[57.105324074074076,57.35069444444444,56.13194444444444]","[13.806714760880162,13.853331784452669,13.855720845563852]","[39.873842592592595,39.62847222222222,40.84722222222222]","[72.17154518882535,72.25911411292589,72.34274646463595]","[75881.96585359785,75244.645853598,73932.26735359804]"
200,1513,8.71283149241266,382.7695209864999,1.678123980865532,0.5252272362346545,0.5532346938731829,1.1152794303290015,1.9225995595998033,0.5240288604727616,2,0.8181818181818182,4,"[1148.3085629594998,1339.6933234527496,1148.3085629594998,1148.3085629594998]","[13.358608385370204,13.1265664160401,10.555555555555555,11.174636174636174]","[0.0,0.0,0.0,0.0]","[90.29614238159084,127.47262212640923,67.69371114037168,88.87573748655163]","[0.3055555555555556,0.3564814814814815,0.3055555555555556,0.3055555555555556]","[1.7458920187793425,1.2281494876431585,2.704678362573099,1.8315018315018314]","[0.41435185185185186,0.5810185185185185,0.3715277777777778,0.4212962962962963]","[18.071285809460356,17.92763157894737,14.907407407407407,15.370705244122965]","[99.2800925925926,99.0625,99.32291666666666,99.27314814814815]","[67.75483011325784,66.54743975903614,68.5185185185185,70.10424422933731]","[1044.3280108149406,1159.5075108149408,985.4875108149407,1019.0020108149407]"
200,1513,3.1787914406495497,161.96069749528021,5.0612287767113555,1.1855836584301918,1.3032665292685552,0.8930005946235454,1.840832791449815,0.4191622673863614,7,0.7272727272727273,2,"[2753.3318574197647,3806.076391139087]","[13.035823637477035,13.041737712209947]","[0.0,0.678465059049459]","[399.4647770582196,599.0514464907429]","[2.011574074074074,2.78125]","[0.0,0.16501650165016502]","[27.780092592592588,1.7326388888888888]","[12.843004948268106,11.851966446644663]","[69.9699074074074,94.95486111111111]","[73.12214576488336,72.0020325203252]","[3491.042812822014,4115.205812822014]"
200,1513,1.3470187496172317,465.82278547475806,3.667388394710698,1.1939741039020217,1.3007880943567023,0.7141115256685067,1.8772772623185565,0.9844843464613907,4,0.7272727272727273,5,"[2329.1139273737904,2329.1139273737904,2329.1139273737904,2329.1139273737904,2329.1139273737904]","[15.075757575757576,13.348164627363737,13.858695652173914,14.039408866995073,13.267543859649123]","[0.0,0.0,0.0,0.0,0.0]","[116.46480248747962,90.83280667883034,109.36767102149736,103.62201113686416,86.0655425781647]","[4.00462962962963,4.00462962962963,4.00462962962963,4.00462962962963,4.00462962962963]","[2.8219395866454686,2.8324154209284025,2.128623188405797,2.1980676328502415,2.744360902255639]","[0.2650462962962963,0.2152777777777778,0.2465277777777778,0.22453703703703703,0.1875]","[16.025641025641026,15.991345397324942,13.51010101010101,14.039408866995073,14.43452380952381]","[95.73032407407408,95.78009259259258,95.74884259259258,95.77083333333334,95.80787037037037]","[67.02898550724638,70.2127659574468,71.42512077294685,70.89216944801026,71.2406015037594]","[2034.237929460074,2010.2089294600737,2045.4234294600737,2030.4549294600738,1984.9359294600738]"
200,1513,6.952430430214778,22.07103182055505,13.709581458163578,0.14671525511461186,1.1168083354587282,0.2582996045161802,1.9099689252967422,0.26558982666657427,9,0.8181818181818182,1,"[364.1720250391583]","[14.609904746528898]","[0.2777777777777778]","[530.6150530111524]","[0.12152777777777779]","[0.1388888888888889]","[99.8587962962963]","[15.982404692082111]","[0.0023148148148148147]","[68.03821386461891]","[8062.70759992091]"
200,1513,6.952430430214778,22.07103182055505,13.709581458163578,0.14671525511461186,1.1168083354587282,0.2582996045161802,1.9099689252967422,0.26558982666657427,8,0.8181818181818182,1,"[1213.9067501305285]","[13.309999725307426]","[0.10526315789473684]","[944.7723511548309]","[0.4027777777777778]","[0.5464426877470355]","[98.68287037037037]","[14.190949899189713]","[0.8819444444444444]","[72.12967986977753]","[9229.88409992091]"
200,1513,7.8336426683542495,179.05797140139094,7.080097192200288,1.096880988272298,1.829118906520163,0.8814501639011586,1.2928568036056993,0.7959606025172132,9,0.6969696969696969,3,"[4118.333342231993,4207.8623279326885,1432.4637712111273]","[13.466021932475606,13.932045102427267,12.49231868524473]","[0.0,0.5032741969959,0.0]","[544.6293684949542,682.7404798066757,286.3749745017833]","[1.2256944444444444,1.261574074074074,0.42939814814814814]","[0.0,0.15923566878980894,0.0]","[20.412037037037038,25.46064814814815,13.106481481481481]","[15.177071668533035,15.423557039495693,15.121345029239766]","[78.33217592592592,73.27777777777777,85.50231481481481]","[71.29786036036036,70.0963643870441,70.89238872905737]","[4912.001652254805,5322.312152254805,4202.384652254803]"
200,1513,2.038318229095256,370.1426778781008,10.254221087718237,0.7172284660580316,1.485778227748136,0.2231872838359116,0.7451753546990995,0.7358394668510201,7,0.787878787878788,3,"[3701.4267787810077,6292.425523927712,3701.4267787810077]","[13.412640013081514,13.105186665455538,13.160173160173159]","[0.0,0.9852455833818676,0.0]","[247.15649183768429,413.4621922335634,189.40633685159435]","[4.212962962962963,7.167824074074074,4.212962962962963]","[0.0,0.0,0.0]","[15.179398148148149,1.2939814814814814,29.57638888888889]","[12.313190383365821,14.27807486631016,9.545454545454547]","[79.23726851851852,91.53935185185185,66.21064814814815]","[73.80174291938998,70.67423460612315,75.89597902097901]","[5567.284622108737,6115.816622108737,5436.949122108737]"
200,1513,7.2129194104290235,463.62968052402107,13.079327363180171,0.5507953649935278,1.352265988002775,1.349877498407781,1.5980675188998412,0.7142868713600908,6,0.8181818181818182,2,"[7881.704568908355,7649.889728646345]","[12.70874533069655,12.387687598736177]","[0.0,0.0]","[506.23697275427867,421.04032824327953]","[2.520833333333333,2.520833333333333]","[0.2066115702479339,0.0]","[1.0983796296296298,0.9930555555555556]","[12.987012987012985,12.028230676328503]","[96.37731481481481,96.4502314814815]","[72.51126126126127,74.09573108384458]","[7704.5051343275645,7450.378634327565]"
200,1513,5.1459989885081905,48.62867609906171,7.637704313624665,0.42222675638325713,1.8807083837915508,0.2989047363208769,1.867106820416355,0.6279648120891294,8,0.6666666666666666,3,"[2771.834537646516,2309.8621147054305,2601.6341712998005]","[13.238415281216836,13.3318085696717,13.695662898759858]","[0.0925925925925926,0.3641499199597814,0.3405560192914116]","[634.383709015483,902.560279319666,682.9896851192855]","[1.209490740740741,1.0092592592592593,1.1307870370370372]","[0.19569471624266144,0.48418058459171065,0.4355614448370632]","[92.5300925925926,89.68634259259258,86.57291666666667]","[14.723781400017966,13.993477714421793,14.398059928835279]","[6.21412037037037,9.043981481481481,12.087962962962964]","[69.46127946127945,71.69875107833155,71.42012305550476]","[5453.644570539741,6262.414070539742,5600.99307053974]"
200,1513,7.073050666728108,377.57248627985194,14.895778809396436,0.8991153282263312,1.433820348679354,0.16027128069992352,0.8925579747524152,0.18098639061054328,6,0.7575757575757575,3,"[8117.808455016813,7551.449725597036,7362.66348245711]","[12.493105350248207,12.446581196581196,13.083560799506913]","[0.0,0.45064203831976346,0.4505140092723241]","[486.95073696599604,556.3527793581269,481.6735377447435]","[2.8275462962962963,2.5787037037037037,2.5833333333333335]","[0.0,0.12919896640826875,0.0]","[3.2245370370370368,14.878472222222221,13.34837962962963]","[12.059959118782647,13.855036485368238,13.093406593406595]","[93.56365740740742,82.54398148148147,84.07291666666667]","[74.57926142136668,72.88958753695275,73.57583454281567]","[8540.57932850589,8711.064328505889,8534.765328505888]"
200,1513,8.75500206402379,25.925742408062366,8.405805444730634,0.4369657775286522,1.3505257303484286,0.6138787302437946,1.6045799035023214,0.2713884543912659,10,0.7272727272727273,1,"[1866.6534533804918]","[13.618993750603556]","[0.535930921287376]","[828.4157644176141]","[0.5185185185185186]","[0.0]","[97.00231481481481]","[13.429333824070667]","[2.704861111111111]","[72.28733378793044]","[6312.301613474884]"
200,1513,8.75500206402379,25.925742408062366,8.405807583716621,0.43696607184476166,1.3505257303484286,0.6138787302437946,1.6045797381554794,0.2713884543912659,10,0.7272727272727273,1,"[1827.7648397683981]","[13.148290434114482]","[0.5656108597285068]","[663.8292670064388]","[0.5150462962962963]","[0.11961722488038277]","[96.72337962962962]","[13.86516168395363]","[2.974537037037037]","[71.66638331633231]","[5846.887140186883]"
200,1513,7.978967589722481,345.0470093854829,7.306248395141611,0.24251657058488943,1.7452185101492577,1.138434796555567,1.4846356056065966,0.8030560793241273,1,0.8181818181818182,2,"[3795.517103240312,3795.517103240312]","[11.829836829836829,10.347826086956522]","[0.0,0.0]","[104.6178168603827,124.88199751443486]","[1.1458333333333333,1.0960648148148149]","[0.0,0.0]","[0.35763888888888884,0.2546296296296296]","[13.461538461538462,11.921052631578947]","[98.28935185185185,98.59606481481481]","[73.241341991342,76.02816901408451]","[3791.798229669912,3836.629729669912]"
200,1513,0.9880443596918536,432.9262421097277,6.972942954801695,0.13521973524555014,1.3509895964085294,1.4992284144598909,1.8148079576507414,0.4742634917620756,3,0.7272727272727273,3,"[3896.33617898755,3896.33617898755,3896.33617898755]","[12.555220883534137,12.9528512748836,12.9094517809819]","[0.2156569850939824,0.1324013088718971,0.15854998603785586]","[3392.2294270749953,3899.7698699286893,3450.056502556564]","[9.125,9.125,9.125]","[0.7472547924809232,0.8356082822921351,0.8037498277525148]","[8.135416666666666,9.33449074074074,8.393518518518519]","[13.767636398030719,14.081643411942501,13.641348992834725]","[82.73958333333334,81.54050925925925,82.48148148148147]","[72.826451892494,71.65757720513432,72.71144715243062]","[12881.154618305432,14346.194618305439,13079.436618305434]"
200,1513,4.483141797658486,168.72726378741012,0.29058437712167345,0.9300131654341771,1.9403496169254442,0.16520178683562445,1.8324116118517977,0.7069357766942252,6,0.9090909090909091,2,"[253.09089568111517,337.45452757482025]","[3.8461538461538463,0.0]","[0.0,0.0]","[15.655302822543902,21.529509639165568]","[0.13194444444444445,0.17592592592592593]","[0.0,0.0]","[0.04861111111111111,0.03819444444444445]","[6.521739130434782,3.8461538461538463]","[99.77546296296296,99.78587962962962]","[80.35714285714286,92.3076923076923]","[183.06800101835591,197.31900101835595]"
200,1513,6.835376989620502,403.92884543042976,3.5982376114784356,0.30727313639042486,1.0413494748781853,0.3450365258791348,1.9122763134106635,0.5479946219967811,3,0.7272727272727273,3,"[2423.5730725825783,2423.5730725825783,2019.6442271521487]","[12.26194453725359,12.3502722323049,11.94295900178253]","[0.0,0.0,0.0]","[134.9443823172119,146.89673500357887,100.26233656950023]","[0.8194444444444445,0.8194444444444445,0.6828703703703703]","[2.1167557932263814,2.215422276621787,2.3558758314855877]","[0.3819444444444444,0.41666666666666663,0.29513888888888884]","[15.428983417447728,13.175009854158455,14.08371040723982]","[98.79861111111111,98.76388888888889,99.02199074074073]","[70.15877957658779,71.05833661805282,70.50098879367172]","[2088.8725535100566,2123.3665535100567,1993.7015535100568]"
200,1513,7.116240130946005,477.38598714383414,7.504058230021546,0.6345741747511073,1.461225107166594,0.3941490400985094,1.626034513356621,0.5058130446348682,5,0.8181818181818182,1,"[1909.5439485753366]","[12.8121525566923]","[0.1661483283427182]","[26132.631156787465]","[0.6203703703703703]","[0.6645679297224099]","[60.67939814814815]","[13.737698229429562]","[38.70023148148148]","[72.34498128724336]","[76748.96795040823]"
200,1513,0.26911640823594846,464.2770586938206,6.7776748567787095,0.6414046468620659,0.6641485039423508,0.5049964477897972,1.8790094356426585,0.24977509450772564,6,0.8181818181818182,3,"[3714.2164695505644,3714.2164695505644,3714.2164695505644]","[11.677489177489177,10.334928229665072,14.065192956163358]","[0.0,0.0,0.0]","[226.12356405459656,148.56796990366306,216.49804594778217]","[34.53472222222222,31.944444444444443,34.09027777777778]","[0.0,0.0,0.0]","[0.9537037037037037,1.068287037037037,0.9502314814814814]","[10.994505494505495,12.199248120300751,12.18338023996445]","[64.40625,64.11805555555556,63.56597222222223]","[73.86868686868686,77.0650813516896,72.615168123241]","[3865.6084312526673,3655.6974312526663,3869.636431252667]"
200,1513,7.3845274449067215,36.21864770769841,11.772668404021289,0.5108866551858374,1.4259163906574301,0.42561806195348184,1.90952061700732,0.22481328876415355,12,0.7272727272727273,1,"[2281.774805585001]","[14.073214361770091]","[0.0]","[489.70082543627166]","[0.7418981481481481]","[0.18867924528301888]","[94.93287037037037]","[15.387988307201699]","[4.467592592592593]","[70.09433962264151]","[6986.61183393305]"
200,1513,9.369582900507295,277.2230617205768,15.0,0.17473418014393322,1.1507545359121183,0.7996417097902359,1.8477623493880382,0.22495012743597642,3,0.7272727272727273,1,"[2495.0075554851915]","[12.984324332777541]","[0.17178998879168966]","[25192.64737079635]","[0.625]","[0.6294659294537177]","[75.95138888888889]","[13.59089395976947]","[23.42361111111111]","[72.2658567977928]","[77208.77200000387]"
200,1513,9.369582900507295,277.2230617205768,15.0,0.17473418014393322,1.150754535912118,0.7996417097902357,1.8477623493880382,0.22495012743597642,3,0.7272727272727273,1,"[2495.0075554851915]","[13.054455766158629]","[0.19912064821611042]","[25292.94438884427]","[0.625]","[0.6658234359860554]","[77.13541666666667]","[13.68136902845773]","[22.239583333333332]","[72.36023426172494]","[77399.65600000403]"
200,1513,4.77395828277693,444.0994304227825,10.607936434942749,0.851343756459402,1.4052112551957487,0.10258440497565254,0.36451863291164555,0.65159904084014,2,0.7272727272727273,1,"[1776.39772169113]","[13.33570412517781]","[0.0]","[188.64571131355015]","[0.8611111111111112]","[1.0669362084456424]","[74.71527777777777]","[11.6725768321513]","[24.423611111111114]","[71.10035603026256]","[5611.209988774686]"
200,1513,6.873176381294097,197.7726757977691,2.318699418555569,1.0523763376097341,1.7468770629189447,0.1762778588735256,0.5175269174792889,0.7225667715204007,4,0.7272727272727273,2,"[1779.954082179922,1582.1814063821528]","[15.063552043971143,14.907407407407407]","[0.0,0.0]","[178.64892126491887,133.62124079208115]","[0.6041666666666666,0.537037037037037]","[2.025963808025177,1.8874643874643873]","[0.3310185185185185,0.24884259259259256]","[13.695991671004686,14.173789173789174]","[99.06712962962962,99.21412037037038]","[68.29268292682927,68.33126550868487]","[1601.782720906843,1470.346220906843]"
200,1513,2.59428482237017,411.1267413927929,11.138434546005215,0.7891925237045411,0.8041865827298305,0.2780849146813034,1.3651526727782528,0.45720880953074283,12,0.9090909090909091,4,"[5755.7743794991,5755.7743794991,5755.7743794991,5755.7743794991]","[13.806185170956589,13.220918866080156,12.619300106044538,9.967320261437909]","[0.0,0.0,0.0,0.0]","[213.46699612907972,119.27666726818984,126.3905684002585,131.7894413173886]","[5.167824074074074,5.12037037037037,5.189814814814815,5.12037037037037]","[0.0,0.0,0.0,0.0]","[0.7662037037037037,0.44212962962962965,0.6018518518518519,0.5914351851851851]","[15.938375350140056,14.668021680216803,12.19814241486068,13.014155982905983]","[93.74074074074073,94.40625,94.02430555555556,94.10532407407408]","[68.8820591625048,69.9074074074074,72.3112128146453,76.31543803418803]","[5924.928082080708,5665.025082080707,5692.869082080708,5674.461582080708]"
200,1513,9.751728790715186,188.18900337195825,6.830578974672715,0.18800111211773268,1.3624155296608536,0.21012248842020825,0.7232478635096138,0.6905135366306332,6,0.6818181818181818,2,"[3387.4020606952486,3951.9690708111234]","[13.01713796058269,12.289860782768585]","[0.4598892037044868,0.48525569242254574]","[544.2372467480561,415.0643873817347]","[0.7962962962962963,1.0613425925925926]","[0.0,0.0]","[40.66435185185185,24.16898148148148]","[14.162534435261708,14.63699141470698]","[58.539351851851855,74.72569444444444]","[72.79905741216795,73.05897723030981]","[4815.233407840249,4473.205407840249]"
200,1513,9.711168293595183,40.71006900224089,11.664501357559292,0.7645383174357978,1.289101467155616,0.7279168073998739,1.3831213101077917,0.9241571739067054,4,0.9090909090909091,1,"[488.5208280268908]","[13.073855910030098]","[0.18640082634625282]","[40484.18326671875]","[0.11226851851851852]","[0.7369944680952332]","[99.87962962962963]","[13.88806636784236]","[0.003472222222222222]","[72.0658916168803]","[117579.73065162776]"
200,1513,9.711168293595183,40.71006900224089,11.664501357559292,0.7645383174357978,1.289101467155616,0.7279168073998739,1.3831213101077917,0.9241571739067054,3,0.9090909090909091,1,"[366.39062102016806]","[13.110141489964986]","[0.1605858966847083]","[41635.50560060497]","[0.08333333333333334]","[0.6648510880942309]","[99.91435185185186]","[13.863250509937268]","[0.0023148148148148147]","[72.13183521340528]","[121452.40165162647]"
200,1513,9.711168293595183,40.71006900224089,11.66450135755929,0.7645383174357978,1.289101467155616,0.7279168073998739,1.3831213101077917,0.9241571739067054,5,0.9090909090909091,1,"[162.84027600896357]","[13.041750189474296]","[0.16452151854938424]","[41492.084388717005]","[0.037037037037037035]","[0.71048226134985]","[99.96064814814815]","[13.793799748138392]","[0.0023148148148148147]","[72.34709910938554]","[121677.269151628]"
200,1513,6.392546667151419,287.6604093219606,6.264556276818094,0.5374331109924775,1.5992003778454311,0.9572738487188192,1.2917429665632267,0.9023253139368739,4,0.7272727272727273,2,"[3451.9249118635285,3451.9249118635285]","[13.253676251869027,13.020685635372569]","[0.1670065510625957,0.1402525558380458]","[7631.511639147839,8227.618016524164]","[1.25,1.25]","[0.6875775296827928,0.7647011361046376]","[16.63888888888889,17.748842592592595]","[13.983748750280471,13.786887928556041]","[82.11111111111111,81.00115740740742]","[71.74352257959714,72.24098702193817]","[24125.44951287131,25994.365512871285]"
200,1513,8.424070625064124,258.77627012418094,1.6832678139497146,0.5777796623458812,1.930195649019827,0.4710304998086743,1.5539011204597453,0.18952664919896187,11,0.8181818181818182,4,"[1035.1050804967238,1035.1050804967238,1035.1050804967238,1035.1050804967238]","[8.703703703703702,12.222222222222221,9.090909090909092,14.835164835164836]","[0.0,0.0,0.0,0.0]","[33.03629184792102,32.298093273160035,25.74143790410597,34.21766102859027]","[0.28703703703703703,0.28703703703703703,0.28703703703703703,0.28703703703703703]","[0.0,0.0,0.0,0.0]","[0.06018518518518518,0.054398148148148154,0.05208333333333333,0.06712962962962962]","[13.858695652173914,12.222222222222221,13.333333333333334,13.80952380952381]","[99.65046296296296,99.65740740740742,99.66087962962963,99.64236111111111]","[73.61111111111111,71.56862745098039,71.84210526315789,72.38095238095238]","[893.2320506953918,890.7665506953917,874.6595506953918,912.4775506953918]"
200,1513,7.577343606983227,465.8489241873798,14.30988719329143,0.4481661326509636,0.6936874996677568,0.13825216918195588,0.5675817463556132,0.3757182930930504,2,0.7272727272727273,1,"[1863.3956967495192]","[12.022703818369452]","[0.0]","[215.19612353990752]","[0.5648148148148148]","[1.1507936507936507]","[81.02199074074073]","[13.324964131994262]","[18.413194444444443]","[72.21016240553143]","[7450.971352783417]"
200,1513,2.5083970660447346,408.14975069304717,11.407035188621796,0.7493575348601625,1.9930258793028042,0.589982710651184,1.9572661444838348,0.3781097685158977,6,0.7272727272727273,1,"[5305.946759009614]","[13.631052253116012]","[0.0]","[390.37601129314294]","[4.909722222222222]","[0.0]","[24.144675925925924]","[12.156310889802988]","[70.57060185185185]","[72.11948461253245]","[6597.184890542068]"
200,1513,7.412843441611914,209.38427057688108,14.352741677486485,0.488508928738704,1.3872022557552854,0.7884018727724249,1.6974059427064176,0.9468716041567267,7,0.7575757575757577,3,"[4815.838223268265,6072.143846729552,2931.3797880763354]","[12.872340425531915,13.404315999619737,12.808616404308204]","[0.5337439410050682,0.5671229355439882,0.40085474084818995]","[654.6058395686605,673.5984961500405,496.2228535046527]","[1.4988425925925926,1.8865740740740742,0.9120370370370371]","[0.17482517482517482,0.0,0.0]","[52.74074074074074,38.96180555555556,73.9537037037037]","[12.106098199064931,12.35797827903091,11.263350445506578]","[45.730324074074076,59.02546296296296,25.398148148148145]","[73.48626862873746,73.77401837928154,75.40567652091815]","[8760.513505190638,8782.873505190637,8344.67200519064]"
200,1513,0.48521729207091063,31.396864700251143,1.603715418014303,0.363339755203512,1.8584012458834178,0.3465625583225457,1.1225795864952977,0.8206332356752153,11,0.7272727272727273,2,"[3500.750414078005,3516.4488464281308]","[13.634098786828424,13.856362217017956]","[0.35987738948239734,0.38517038517038515]","[973.0598990510364,986.1626676247321]","[23.197916666666664,25.627314814814817]","[0.35987738948239734,0.47524424573604906]","[2.226851851851852,2.431712962962963]","[14.902415228246685,14.300176192389724]","[74.60416666666666,69.6863425925926]","[70.52319640963294,70.95154100810691]","[3490.144900647174,3499.469400647169]"
200,1513,3.706602484362804,255.87062922161445,2.8353138988509228,0.522270427088356,1.0919323329714055,0.6507501577079838,1.072887872844014,0.6340723095475802,10,0.7272727272727273,6,"[1535.2237753296868,1535.2237753296868,1535.2237753296868,1535.2237753296868,1535.2237753296868,1535.2237753296868]","[10.76923076923077,15.309388335704124,13.18840579710145,12.404092071611252,14.870093974571585,15.653495440729483]","[0.0,0.0,0.0,0.0,0.0,0.0]","[33.46767658706282,66.11206943935059,56.362670191204586,54.53128905105138,54.0543834797067,41.44282835468596]","[0.962962962962963,0.9618055555555556,0.9583333333333333,0.9641203703703705,1.040509259259259,0.9583333333333333]","[0.0,0.0,0.0,0.0,0.0,0.0]","[0.1261574074074074,0.17824074074074076,0.2048611111111111,0.15509259259259262,0.26620370370370366,0.11342592592592592]","[12.142857142857142,16.666666666666664,16.216216216216218,12.807377049180328,14.855072463768114,15.037593984962406]","[98.91087962962963,98.7824074074074,98.83680555555554,98.88194444444444,98.65277777777777,98.92708333333333]","[79.70588235294117,66.2280701754386,68.46846846846847,70.84818246614398,67.59259259259258,70.08928571428572]","[1442.6431714495548,1548.386171449555,1518.237671449555,1514.0291714495547,1505.803171449555,1463.583671449555]"
200,1513,4.256788940515831,306.84309705199166,3.0132775975588615,0.8467066572548754,1.2554620396081317,0.6609103791150429,1.0339562407871092,0.6742693120897544,3,0.7272727272727273,3,"[1841.05858231195,1994.4801308379458,1841.05858231195]","[11.763896532746285,13.110886417256488,11.251758087201125]","[0.0,0.0,0.0]","[131.53227474784094,178.80262441334858,142.44614466890363]","[1.0,1.0833333333333335,1.0]","[2.2233201581027666,2.1739130434782608,2.105496453900709]","[0.35300925925925924,0.41087962962962965,0.375]","[12.700534759358288,13.07911617961511,11.904761904761905]","[98.64699074074073,98.50578703703704,98.625]","[72.49158249158249,71.7296511627907,73.94290331268516]","[1772.2107468289942,1924.8807468289942,1825.9942468289944]"
200,1513,5.119855600624039,299.0904972670225,8.273621003752492,1.1226469305290072,1.9480998798630553,1.395204631940478,1.8132942370738394,0.16700492875844763,7,0.8409090909090909,4,"[5383.628950806404,5383.628950806404,5234.083702172893,4934.99320490587]","[13.19767441860465,12.94572331302189,13.755904675972612,14.052287581699346]","[0.8980167119702003,0.0,0.32679738562091504,0.0]","[488.08740140286693,436.55421343373484,385.680278118504,291.5845222285104]","[2.4189814814814814,2.4166666666666665,2.351851851851852,2.2199074074074074]","[0.0,0.23696682464454977,0.0,0.0]","[1.042824074074074,0.8877314814814814,0.8252314814814814,1.1631944444444444]","[12.41778247592201,13.513387006178618,13.79045594141271,12.112598569594718]","[96.50462962962963,96.62268518518519,96.79513888888889,96.41435185185185]","[72.21349256232978,73.02546744036107,71.40620106482932,72.82697659191356]","[5360.581081803411,5220.209081803412,5078.37008180341,4786.978081803411]"
200,1513,3.3646939805825937,73.79912754860852,4.829569390989848,0.3532017238371389,0.7409708955108941,1.5912279333616643,1.93551878821484,0.5857940212222207,6,0.7272727272727273,1,"[1660.4803698436922]","[11.970913826785326]","[0.0]","[595.7344196282177]","[1.1539351851851851]","[0.0]","[95.22685185185185]","[13.277939965566286]","[4.032407407407407]","[74.12637657802847]","[4009.8713076730883]"
200,1513,3.364693980582594,73.79912754860854,4.829569390989848,0.3532017238371389,0.740970895510894,1.5912279333616643,1.9355187882148397,0.5857940212222207,6,0.7272727272727273,1,"[1660.4803698436926]","[12.703835120036238]","[0.629383027342211]","[706.2420826743801]","[1.1504629629629628]","[0.0]","[96.89699074074073]","[13.263677378373536]","[2.1921296296296298]","[73.30327214684756]","[4314.433807673088]"
200,1513,4.40648972462229,143.86183898633809,3.404965437650397,0.20708548039195232,1.7860887587133991,0.9710913103643825,1.5429985355092883,0.24216657391431978,5,0.8181818181818182,3,"[575.4473559453523,575.4473559453523,575.4473559453523]","[13.128738078130251,13.176906363720622,12.971395680449426]","[0.17856634165619784,0.20514717135008342,0.1732836758952419]","[39670.84410768167,40557.04989442623,39178.348010562]","[0.3055555555555556,0.3055555555555556,0.3055555555555556]","[0.6969284690756492,0.7030583554232819,0.7269169724985405]","[91.1863425925926,91.33333333333334,89.60763888888889]","[13.773348179277496,13.795263613408125,13.780233832506532]","[8.508101851851851,8.36111111111111,10.086805555555557]","[72.11852543155811,72.10445932019275,72.44033962341557]","[113025.52491007066,115348.27741007088,111632.13891007168]"
200,1513,5.71031334546712,444.09293490726094,4.68481734237388,0.3177684540063165,0.8617918555728838,0.8974186703933953,1.98644276820202,0.13497912285443342,11,0.8636363636363636,2,"[2664.5576094435655,2664.5576094435655]","[16.333333333333332,12.613636363636363]","[0.0,0.0]","[61.22789030875275,110.07365017882341]","[1.0833333333333335,1.0856481481481484]","[0.0,0.9090909090909091]","[0.3472222222222222,0.3796296296296296]","[14.345063538611925,14.835164835164836]","[98.56712962962963,98.50578703703704]","[66.66666666666666,67.30983302411873]","[2411.5078243388916,2552.8173243388915]"
200,1513,0.5050560599185262,313.72411897612676,4.627724343582706,0.9820581354401579,1.2188262218583745,0.48036241897281984,1.696810269007406,0.5391010846460298,8,0.8484848484848485,3,"[2509.7929518090136,2509.7929518090136,2509.7929518090136]","[15.231092436974789,14.375896700143471,16.333333333333332]","[0.0,0.0,0.0]","[84.16593265704947,80.22484723234146,54.26223911455622]","[12.22337962962963,11.512731481481481,11.501157407407408]","[0.0,0.0,0.0]","[0.7002314814814814,0.22800925925925924,0.1423611111111111]","[14.119601328903654,14.604377104377104,16.328125]","[85.64120370370371,87.41319444444444,88.35648148148148]","[68.33960328317373,72.33115468409586,65.33333333333333]","[2453.857684919447,2433.2166849194464,2357.6951849194465]"
200,1513,3.0209757117479326,461.98482437144685,2.8548507643596386,1.1203367974730922,1.7374470409595688,0.30128429441147897,1.930824495552935,0.854655083245292,9,0.7272727272727273,1,"[1847.9392974857874]","[9.630200308166412]","[0.0]","[91.87333527750887]","[1.4166666666666665]","[0.0]","[0.20949074074074076]","[16.397849462365592]","[98.37152777777777]","[72.06937799043061]","[1632.3573668914394]"
200,1513,6.47262338576774,307.4757465186451,5.48440972271521,0.8656446547831348,0.9791269197934448,1.3203961181342987,1.5240803715023499,0.318686530895698,2,0.818181818181818,3,"[1537.3787325932255,1076.165112815258,1537.3787325932255]","[13.032026970080068,12.287740382183648,12.289212289212289]","[0.0,0.0,0.0]","[207.9968266629621,190.80634526778775,214.10420737213096]","[0.5555555555555556,0.3888888888888889,0.5555555555555556]","[0.9715784052067238,0.3946263643996642,1.1299795709908071]","[55.574074074074076,73.91435185185185,58.99305555555556]","[13.24561403508772,14.280197713932653,13.638124757845794]","[43.75925925925926,25.69675925925926,40.451388888888886]","[72.2144413320884,72.0420142106889,71.9530516431925]","[3198.2156669048413,3146.9521669048413,3233.470666904841]"
200,1513,2.034410049574597,237.69172092324874,4.575033020377747,0.3928320413026539,0.5823674987302151,0.3237619126792985,1.0119043310759508,0.3522212624489559,9,0.8181818181818182,1,"[1782.6879069243657]","[13.431800158604283]","[0.0]","[253.62436494288227]","[2.037037037037037]","[0.0]","[50.08680555555556]","[14.8995148995149]","[47.876157407407405]","[72.41338813857897]","[2914.122349780684]"
200,1513,5.217914334877012,49.569562102337926,8.318458688330619,1.038719113460797,1.58816915980329,0.20023978705808948,0.5536910154483313,0.9814688196832442,9,0.8181818181818182,1,"[1264.023833609617]","[14.553715515253977]","[0.6083579881656804]","[731.4148719400312]","[0.5381944444444444]","[0.31798511688101594]","[96.79513888888889]","[15.548367101847909]","[2.8449074074074074]","[70.22285443338075]","[6030.294170400452]"
200,1513,5.217914334877012,49.569562102337926,8.318458688330617,1.0387193102859367,1.58816915980329,0.2002397870580895,0.5536910154483313,0.9814688196832441,9,0.8181818181818182,1,"[1239.239052558448]","[13.718782073212452]","[0.5543693762391337]","[764.7825086386338]","[0.525462962962963]","[0.4594326673783743]","[98.17708333333334]","[15.081968799597412]","[1.4444444444444446]","[69.75751105688576]","[6130.425670400451]"
200,1513,3.932951236317082,291.4207724921774,2.4550272155544635,1.7029649056527447,1.9751809693463513,1.1234036332760853,1.432500839437789,0.38119411622967314,2,0.787878787878788,3,"[1457.1038624608868,874.2623174765322,1457.1038624608868]","[14.868421052631579,12.29260935143288,15.099715099715098]","[0.0,0.0,0.0]","[184.92927008337367,174.47188125309228,95.10296771438081]","[0.8564814814814815,0.513888888888889,0.8564814814814815]","[1.1790817034262728,1.0854341736694677,0.5]","[9.16087962962963,47.02893518518519,0.16087962962962965]","[16.56058751529988,14.995678478824546,14.634146341463413]","[89.98263888888889,52.457175925925924,98.98263888888889]","[68.4368530020704,71.81292885518238,64.70434327577185]","[1695.8120634656555,1655.5410634656555,1416.1675634656553]"
200,1513,2.5891511739958974,342.8869839511971,5.805167565532711,0.2152255047806551,1.2572342230520734,0.35048165188387215,1.1710599537494997,0.36170699838147324,7,0.8484848484848485,3,"[3600.31333148757,3771.7568234631685,3600.31333148757]","[12.434933487565065,12.386417981826877,16.178532481694965]","[0.0,0.0,0.0]","[261.33449235174896,268.0997761711211,238.16306766126462]","[3.2962962962962967,3.3622685185185186,3.209490740740741]","[0.0,0.0,0.0]","[0.6354166666666667,0.7349537037037037,0.6643518518518519]","[12.092731829573934,13.520892687559353,13.496735031729974]","[96.06712962962962,95.90046296296296,96.03703703703704]","[73.48178137651823,71.75089213767698,70.17853488847965]","[3525.577931456952,3523.463931456952,3444.9259314569517]"
200,1513,9.57148772815686,259.1629984447958,9.265057862480498,0.6631091845907912,1.990391311337413,0.9116524425241502,1.213612270046793,0.8720436362768402,9,0.7727272727272727,2,"[3757.8634774495385,5831.167465007904]","[13.563218390804597,14.058799510004082]","[0.2358490566037736,0.8180266987855065]","[389.5428005791206,455.26901352442883]","[0.9085648148148148,1.40625]","[0.2358490566037736,0.6105733432613552]","[36.388888888888886,1.0949074074074074]","[14.068131868131868,15.664753706360592]","[62.670138888888886,97.39699074074073]","[71.44819466248038,69.28770780245117]","[5534.856773988017,5725.859273988018]"
200,1513,7.547375364044023,391.9149490115128,7.507669251687487,1.7298623323149251,1.8991001620451378,1.055654927223643,1.3221539531154614,0.3014539675168996,10,0.8181818181818182,4,"[3919.149490115128,3919.149490115128,3919.149490115128,3919.149490115128]","[7.549857549857549,13.14655172413793,14.194139194139193,12.28448275862069]","[0.0,0.0,0.0,0.0]","[65.15894841217602,67.58078229371628,67.41767555498045,77.2794403188553]","[1.2094907407407407,1.2048611111111112,1.207175925925926,1.2175925925925926]","[0.0,0.0,0.0,0.0]","[0.12615740740740738,0.14120370370370372,0.13657407407407407,0.27662037037037035]","[8.608058608058608,13.142857142857142,12.106227106227106,14.798711755233494]","[98.66203703703704,98.6550925925926,98.62152777777777,98.4537037037037]","[83.04843304843305,73.71428571428572,73.86128364389234,73.15592203898052]","[3785.938240809063,3790.958740809063,3794.7737408090625,3822.933740809063]"
200,1513,5.92412578898808,102.59309679867548,1.33425795091293,0.744272475541655,1.4808310375710882,1.4696910145467967,1.8675063441176045,0.9457372178145245,11,0.8181818181818182,2,"[872.0413227887414,923.3378711880791]","[11.172413793103448,14.087941152161335]","[0.0,0.0]","[68.17695097949566,97.76257037259035]","[0.3344907407407407,0.3587962962962963]","[0.0,0.0]","[0.15162037037037038,0.3090277777777778]","[13.25,16.21142618849041]","[99.47453703703704,99.27662037037038]","[72.48275862068965,69.09661955533515]","[824.2778164382354,888.2178164382353]"
200,1513,0.7122159699360501,302.61412018001226,2.7557085066572555,0.7000736439136687,0.7156732584115019,0.9916789431672088,1.3863850269076876,0.44839970783841476,12,0.7272727272727273,4,"[1513.0706009000614,1513.0706009000614,1815.6847210800738,1513.0706009000614]","[12.390350877192983,14.371772805507744,15.104166666666668,12.007168458781361]","[0.0,0.0,0.0,0.0]","[59.91670822644646,68.98270421390073,98.20494618590772,62.286480192046824]","[4.923611111111111,4.921296296296297,5.905092592592593,5.436342592592593]","[0.0,0.0,0.0,0.0]","[0.28125,0.42013888888888895,0.37268518518518523,0.2650462962962963]","[17.982456140350877,10.902145166029975,15.874125874125873,17.381606039807824]","[94.30208333333334,93.67013888888889,93.72222222222223,94.19791666666666]","[67.5438596491228,71.74698795180723,69.13116123642439,69.52590420332356]","[1492.799083195142,1513.5030831951422,1598.115083195142,1485.1680831951421]"
200,1513,4.226375127175863,411.2029001371184,8.192501904733742,0.9576975846368103,1.4456301194616448,0.30886615385262317,1.2500301384423689,0.15180934402492824,11,0.9090909090909091,4,"[4523.231901508302,4523.231901508302,4523.231901508302,4523.231901508302]","[12.172413793103448,15.54520358868185,11.386328725038403,12.177589852008456]","[0.0,0.0,0.0,0.0]","[92.1006682405654,109.07886378188957,136.17440522009738,97.98984781643101]","[2.4722222222222223,2.4699074074074074,2.471064814814815,2.4699074074074074]","[0.0,0.0,0.5952380952380952,0.0]","[0.20717592592592593,0.28009259259259256,0.32407407407407407,0.25]","[12.571839080459771,15.771960958296363,15.238095238095237,15.456608054452637]","[97.1886574074074,97.23842592592592,97.14583333333333,97.27546296296296]","[74.66572836030964,69.80435585086747,73.54522454142948,71.94394752534288]","[4171.080914271484,4227.728414271484,4309.361914271485,4201.783914271485]"
200,1513,7.74195581326754,465.7214028806502,8.134141835212384,0.17717072103485682,1.9699458455215355,1.2046196002459488,1.6510897143579146,0.15979468045955147,5,0.8181818181818182,1,"[1862.8856115226008]","[12.994882016988587]","[0.1698559951555774]","[31024.885555468878]","[0.5555555555555556]","[0.7377888811303177]","[66.96064814814815]","[13.881239151015647]","[32.48379629629629]","[72.35983186383868]","[90765.44708089903]"
200,1513,1.91521800313537,476.6203795339881,6.575628744229187,0.5602443307962139,0.7105215495791183,0.7125376103388907,1.7774199766171832,0.28033861019285966,4,0.8181818181818182,3,"[3812.9630362719045,3812.9630362719045,3812.9630362719045]","[15.365213882163035,13.832689247556262,15.186263802936537]","[0.0,0.0,0.0]","[147.02042991268053,141.35949286986335,178.439692372559]","[4.611111111111111,4.611111111111111,4.611111111111111]","[1.6539092400218698,1.7095265926358854,1.3554485464597823]","[0.5486111111111112,0.5289351851851851,0.6469907407407407]","[15.476190476190476,15.034526051475204,13.358903750327826]","[94.84027777777777,94.8599537037037,94.74189814814815]","[66.95402298850574,68.28796668154098,68.5438564697354]","[3548.921797230424,3555.5042972304236,3675.471797230424]"
200,1513,5.137957451627683,444.09293490726094,4.684817340667441,0.2507171384122173,0.8617917494590852,0.5221840644384994,1.9864426945979976,0.46523106807460235,9,0.8181818181818182,1,"[2664.5576094435655]","[15.108695652173914]","[0.0]","[107.57492943431878]","[1.1944444444444444]","[0.0]","[0.4861111111111111]","[17.56548536209553]","[98.31828703703704]","[69.39393939393939]","[2544.2748235223935]"
200,1513,2.4001161231516934,338.84199780996283,1.1038151874370612,0.5131455904782143,1.1836714600436629,0.8001793605171861,1.6909683054895905,0.34974907489167795,6,0.8863636363636364,4,"[677.6839956199257,677.6839956199257,677.6839956199257,677.6839956199257]","[8.881578947368421,11.437908496732025,8.928571428571427,14.02930402930403]","[0.0,0.0,0.0,0.0]","[44.744346366424246,28.263948529452925,38.77258087166393,26.842433143107336]","[0.65625,0.6527777777777778,0.6527777777777778,0.6527777777777778]","[0.0,0.0,0.0,0.0]","[0.11921296296296297,0.07407407407407407,0.12152777777777778,0.13773148148148148]","[16.0453216374269,5.572755417956656,12.758397932816537,15.384615384615385]","[99.22800925925927,99.27314814814815,99.22569444444444,99.04398148148148]","[74.34210526315789,78.01857585139318,76.19047619047619,70.51282051282051]","[640.9167899695893,603.9727899695893,629.3727899695893,595.5922899695893]"
200,1513,2.589330163160185,307.38585194017423,1.5885919741219128,0.8419860704129029,0.9557185392697529,0.2063419060826584,1.6669795055073962,0.758205706546497,6,0.8181818181818182,4,"[922.1575558205227,922.1575558205227,922.1575558205227,922.1575558205227]","[10.190763052208835,2.941176470588235,2.941176470588235,11.437908496732025]","[0.0,0.0,0.0,0.0]","[35.29187368604693,49.81233062732788,30.55231884712159,51.21359097879976]","[0.8263888888888888,0.8263888888888888,0.8263888888888888,0.8263888888888888]","[0.0,0.0,0.0,0.0]","[0.12037037037037036,0.20254629629629628,0.09606481481481481,0.22685185185185186]","[10.416666666666666,2.941176470588235,2.941176470588235,12.092731829573934]","[99.05324074074073,98.97106481481481,99.0775462962963,98.94675925925927]","[72.66248090955371,94.11764705882354,82.3076923076923,72.90448343079922]","[857.3281475791098,898.1326475791097,843.3811475791097,901.1121475791097]"
200,1513,5.64000334930737,176.4958584268926,5.035357714653802,0.7058603237645512,1.6319662088559224,0.19730763861762135,1.2933447464434473,0.7768347457007662,10,0.8181818181818182,1,"[3000.429593257173]","[11.714285714285715]","[0.0]","[181.96032631025787]","[1.2233796296296298]","[0.0]","[0.45833333333333337]","[12.012743628185907]","[98.29513888888889]","[74.59770114942529]","[2909.2782030327216]"
200,1513,5.64000334930737,176.4958584268926,5.035357714653802,0.7058603237645512,1.6319662088559224,0.19730763861762135,1.2933447464434473,0.7768347457007662,12,0.8181818181818182,1,"[3000.429593257173]","[14.104882459312838]","[0.0]","[192.8678959840708]","[1.2256944444444444]","[0.0]","[0.42939814814814814]","[13.805749438069324]","[98.30787037037037]","[71.71424723942903]","[2911.1472030327213]"
200,1513,5.64000334930737,176.49585842689262,5.035357714653802,0.7058603237645511,1.6319662088559224,0.19730763861762135,1.2933447464434473,0.7768347457007662,5,0.8181818181818182,1,"[705.9834337075705]","[12.866781729226954]","[0.16996412615490064]","[39971.79331605129]","[0.28703703703703703]","[0.6981656100848952]","[89.66550925925927]","[13.676408050589725]","[10.047453703703702]","[72.61248210381822]","[113848.1017030318]"
200,1513,5.64000334930737,176.4958584268926,5.035357714653802,0.7058603237645512,1.6319662088559224,0.19730763861762135,1.2933447464434473,0.7768347457007662,4,0.8181818181818182,1,"[2117.9503011227107]","[13.056375285234484]","[0.1601086249328166]","[19661.32879197069]","[0.8611111111111112]","[0.7210315306388555]","[44.69212962962963]","[13.853935837790385]","[54.44675925925926]","[72.36182151183289]","[57385.98770303257]"
200,1513,9.78168108860924,352.22279701131936,6.334070223893887,0.8368303472537393,1.6947122073564673,0.13785388440751048,1.7599126447985698,0.767643570157771,1,0.8181818181818182,3,"[3522.2279701131943,3522.2279701131943,3522.2279701131943]","[8.792270531400966,13.953488372093023,10.657596371882086]","[0.0,0.0,0.0]","[119.84377655135182,134.1455523131214,131.1449637663075]","[0.8356481481481483,0.8344907407407408,0.8344907407407408]","[0.0,0.5813953488372093,0.0]","[0.34143518518518523,0.2997685185185185,0.25810185185185186]","[14.18546365914787,15.814487053425106,16.80790960451977]","[98.46064814814815,98.8136574074074,98.9074074074074]","[74.57023060796647,68.08610936517914,72.75132275132276]","[3355.8437074674102,3385.70970746741,3383.67370746741]"
200,1513,4.5244975829767125,75.00515717042667,10.315074655218336,1.1697535101328502,1.8846029269587614,0.622017576632961,1.4758242462534297,0.8986827079641164,11,0.8636363636363636,2,"[7500.515717042684,8250.567288746954]","[13.303396404788055,14.084726000777303]","[0.3949269171624288,0.4044824342562676]","[1108.3112108688506,1170.113270176293]","[5.37037037037037,5.4050925925925934]","[0.3941234204392099,0.3628017973469783]","[2.4652777777777777,2.3425925925925926]","[14.572927072927072,14.71039038021848]","[91.74421296296296,92.17361111111111]","[71.08112475759535,70.46133502197719]","[8047.459334506237,8239.875334506236]"
200,1513,9.484018521242254,310.9858259992745,8.857334136585246,0.9478578538785646,1.9491916504337143,0.38643697052841075,0.8550171485341403,0.20126255323797299,5,0.8181818181818182,3,"[1243.943303997098,1243.943303997098,1243.943303997098]","[13.047964053742756,13.081006049839186,13.11849879530181]","[0.19749155794381307,0.15771643012291103,0.1596866653679894]","[39145.15904657131,39025.48055005327,40145.391477896366]","[0.3055555555555556,0.3055555555555556,0.3055555555555556]","[0.7415621215709292,0.703313597882369,0.7341843557039905]","[81.13657407407408,81.35648148148148,80.14467592592592]","[13.958082587261027,13.949343802613605,13.82601335751134]","[18.55787037037037,18.337962962962962,19.54976851851852]","[72.09830129739507,72.08033604687552,72.14359505051817]","[113916.39738556044,113887.97338556047,117494.7923855612]"
200,1513,9.401455634865002,130.3921171264516,13.20387513385219,0.5512972576819126,0.6982810302232577,0.8837069080070135,1.6846501495747097,0.6132535154622278,4,0.7272727272727273,2,"[1564.7054055174196,1564.7054055174196]","[12.831678595102321,12.945006937234695]","[0.1740109058425593,0.169494271915046]","[21846.7861296739,22217.895159590167]","[0.3888888888888889,0.3888888888888889]","[0.7008433726050279,0.6559635989999402]","[88.19097222222223,89.42824074074075]","[13.80192230904186,13.686743804716814]","[11.42013888888889,10.18287037037037]","[72.70668525510283,72.3911386072148]","[67363.38956424463,68361.65356424493]"
200,1513,5.028879246681338,18.914255268463766,10.25684278433075,0.5175528311319934,1.2707486472204002,0.5367298605167042,0.8344611223964209,0.31177699109444246,11,0.8484848484848484,3,"[7849.415936412412,8085.844127268206,7735.930404801633]","[14.021086483075857,13.657415832575069,14.454887218045112]","[0.4333572524024595,0.3069461562344175,0.36038371791547835]","[1147.4961993921784,1167.289017902464,1016.4698046403262]","[6.817129629629629,6.65162037037037,6.015046296296296]","[0.3254879690392058,0.2929352068696331,0.167244173699212]","[3.5243055555555554,3.383101851851852,3.601851851851852]","[14.564859879547525,15.301970402162706,14.378629500580718]","[87.96064814814815,89.68287037037037,89.18402777777777]","[70.84643605870022,71.10115343125051,69.92873864834968]","[8130.320536476596,8151.933536476594,7763.98853647659]"
200,1513,2.3364992463589886,173.17099067019157,14.76944130781736,1.0433558694272451,1.5232315991867293,0.7529389513137689,1.4370652147439045,0.19836193709368305,6,0.6363636363636364,1,"[3982.932785414407]","[12.737888677738301]","[0.1529051987767584]","[547.3144398648124]","[3.9444444444444446]","[0.3784854878257399]","[69.67939814814815]","[12.633980421436867]","[26.203703703703702]","[73.02153606642449]","[8632.175327758465]"
200,1513,8.791198945729084,221.84178944059423,14.767525378347457,1.3171294053820344,1.782716620519314,0.4837705276620796,1.3554616503521981,0.3343987011563728,2,0.8484848484848485,3,"[887.3671577623769,1109.208947202971,1109.208947202971]","[11.326458036984352,12.158036150464094,12.928571428571427]","[0.0,0.0,0.0]","[184.82040116685775,203.91229651350136,209.632811525222]","[0.23148148148148145,0.28935185185185186,0.28935185185185186]","[0.5208333333333333,0.7575757575757576,0.8852334177107711]","[93.75925925925927,89.7685185185185,90.125]","[12.428571428571427,12.091069849690541,15.108695652173914]","[6.0092592592592595,9.94212962962963,9.527777777777779]","[75.32821824381926,72.59280329967288,70.85353535353536]","[7608.584681602676,7641.268181602676,7665.654681602677]"
200,1513,9.957951300332203,289.03887725701264,0.7487944724035475,0.6542101839340123,1.0748192731182415,0.1364353900576172,1.0484252401009917,0.7561679221532555,11,0.890909090909091,5,"[578.0777545140253,578.0777545140253,578.0777545140253,578.0777545140253,578.0777545140253]","[13.224085365853659,11.25,13.056835637480798,12.499999999999998,17.914438502673796]","[0.0,0.0,0.0,0.0,0.0]","[10.262284999398963,9.331168060006814,24.10899533664795,14.063053487443678,17.16445063226941]","[0.13425925925925924,0.13425925925925924,0.13425925925925924,0.13425925925925924,0.13425925925925924]","[0.0,0.0,0.0,0.0,0.0]","[0.03240740740740741,0.02662037037037037,0.06481481481481483,0.04282407407407408,0.05092592592592593]","[6.097560975609756,20.0,18.86200716845878,6.25,12.132352941176471]","[99.83333333333334,99.83912037037038,99.80092592592592,99.82175925925927,99.81481481481481]","[75.0,72.5,75.0,79.16666666666667,67.11229946524064]","[389.43484675371735,384.0048467537174,413.5128467537174,396.22984675371737,400.9723467537174]"
200,1513,1.5226557916957504,195.8465234448408,3.041452350599017,0.9307999772848212,1.9811232056653953,1.3828886263854503,1.6539026412105458,0.5766741177286722,8,0.7272727272727273,3,"[1762.6187110035673,1566.7721875587265,1762.6187110035673]","[14.724582394081267,13.955342902711322,15.052393089776267]","[0.0,0.0,0.0]","[103.84058750165434,79.11669946243165,108.12473492605312]","[2.6967592592592595,2.5,2.689814814814815]","[0.0,0.0,0.0]","[0.19212962962962965,0.23495370370370372,0.1909722222222222]","[15.590277777777779,15.353535353535353,14.35294117647059]","[96.61458333333334,96.92592592592592,96.96875]","[70.08928571428572,67.20969089390141,69.87355689939528]","[1737.7801282884946,1673.6826282884945,1776.2201282884944]"
200,1513,1.1330861472527098,36.081667154119984,10.769556799694126,0.978238411859381,1.5077955511261627,1.260728306473173,1.9039713960558224,0.42998810407058774,1,0.8181818181818182,1,"[3842.6975519137773]","[14.427868542231753]","[0.0]","[321.5171828291943]","[13.288194444444445]","[0.0]","[47.68055555555556]","[14.421698141989811]","[29.53935185185185]","[70.02064455766748]","[6091.830263856108]"
200,1513,1.1330861472527098,36.081667154119984,10.769556799694126,0.9782384118593809,1.5077955511261627,1.260728306473173,1.9039713960558224,0.42998810407058774,9,0.8181818181818182,1,"[577.3066744659196]","[13.639494833524685]","[0.0]","[443.1192297780936]","[1.1898148148148149]","[0.32486678882079145]","[97.8877314814815]","[15.411410280549802]","[0.5289351851851852]","[69.70752526203478]","[6361.429263856107]"
200,1513,8.728430379011222,371.7037782581951,6.391638944341701,0.15418028051143068,1.228673757709631,0.46802117737550186,1.292938213424186,0.39701312821955037,7,0.8181818181818182,4,"[3902.8896717110483,3717.037782581951,3717.037782581951,4088.741560840146]","[13.38935574229692,13.668990976210008,12.982456140350877,11.569080636877246]","[0.0,0.0,0.0,0.0]","[236.7803909011716,195.6666970773017,224.9654507412764,279.6675314530588]","[1.0486111111111112,0.9988425925925926,1.0023148148148149,1.0949074074074074]","[0.0,0.0,0.0,0.0]","[0.6527777777777778,0.5949074074074074,0.6365740740740741,0.78125]","[11.981658692185007,12.28448275862069,13.246067933808085,12.509778357235984]","[98.25,98.35532407407408,98.36111111111111,98.12268518518519]","[73.50877192982455,71.15942028985508,71.96040560115887,74.04094613396938]","[3758.2096932823897,3578.29069328239,3679.5261932823896,3827.2091932823905]"
200,1513,1.83365312393471,364.73419068582706,6.975537098524577,0.7889438104621795,1.7616011499530495,0.22054597746212828,0.4399946918436778,0.3948876037045762,3,0.7272727272727273,4,"[3282.607716172443,3282.607716172443,3282.607716172443,3282.607716172443]","[12.900509911944699,12.947265286305813,12.834082224545156,13.159032535093655]","[0.22489819213633988,0.1953207947823449,0.17135928834884498,0.21909625075318834]","[11337.580126892299,11875.76303667302,12097.136187117434,11188.276288576364]","[4.145833333333333,4.145833333333333,4.145833333333333,4.145833333333333]","[0.7295679088679179,0.7439653853110174,0.7618402162266356,0.7899106983506332]","[26.645833333333336,26.97685185185185,27.038194444444443,25.636574074074073]","[13.676572865461903,13.761665881706442,13.56431354250429,13.984941929752473]","[69.20833333333334,68.87731481481481,68.81597222222223,70.2175925925926]","[72.43173549045164,72.56347618576442,72.5459551806849,71.91094874373292]","[34446.25430728966,36681.4373072896,37058.11280728961,34636.555807289646]"
200,1513,7.856183156104079,425.6498240541043,7.316924166951462,0.9933125176593349,1.5726842480876966,0.8957745139967798,1.6731018143998904,0.289513681171612,1,0.8181818181818182,4,"[3830.848416486938,4043.67332851399,3830.848416486938,3830.848416486938]","[11.742424242424242,12.443584784010316,11.805555555555555,12.629179331306991]","[0.0,0.0,0.0,0.0]","[109.14251290559471,146.54007707492434,95.03395171914201,108.59034633726648]","[1.1261574074074074,1.1898148148148149,1.1898148148148149,1.2581018518518519]","[0.0,0.0,0.0,0.0]","[0.21643518518518517,0.3726851851851852,0.1840277777777778,0.20717592592592593]","[13.112745098039216,16.760299625468164,14.039408866995073,14.285714285714285]","[98.65856481481481,98.375,98.49768518518519,98.31944444444444]","[75.5980861244019,69.9378436528807,68.99038461538461,73.14285714285714]","[3800.345100139316,3931.6896001393156,3757.2906001393158,3776.297100139316]"
200,1513,8.006338808825236,461.25623206097987,5.7802459842445675,0.20256041695699514,1.7819194466620332,0.652306755114616,1.6444099928943627,0.10509771498484755,5,0.8181818181818182,3,"[1845.0249282439195,1845.0249282439195,1845.0249282439195]","[12.879374450496496,13.01120170844494,12.983890977434518]","[0.2023012049826104,0.1730621311254126,0.1893424161278202]","[19886.24751801767,19226.281395459213,18703.312700129427]","[0.537037037037037,0.537037037037037,0.537037037037037]","[0.7118390077738455,0.6967453840696702,0.7854343254901763]","[51.46527777777778,49.98726851851852,51.51851851851852]","[13.677448574523469,13.77854311713389,13.85261502541345]","[47.99768518518519,49.47569444444444,47.94444444444444]","[72.46620699849208,72.18482461123561,72.07107261396885]","[58305.21407243454,56768.94107243436,54912.16307243451]"
200,1513,0.8079998814948331,56.073926237933904,13.934030513574767,0.1606128849583753,1.1080484032131914,0.5121986220756031,1.8031946786982918,0.5555641493100004,1,0.7272727272727273,2,"[3616.768242346734,3560.6943161088]","[13.61965240641711,13.624550665500825]","[0.0,0.4025301897642323]","[580.0660598608483,725.4973216278637]","[10.322916666666666,10.17361111111111]","[0.11160714285714285,0.21321623434299491]","[85.65509259259258,84.52314814814815]","[15.723975636766333,14.806973848069738]","[4.003472222222222,5.234953703703704]","[69.51893746822572,70.31611257274974]","[8279.33614652143,8663.41514652143]"
200,1513,9.02185178303019,357.63648929688173,5.565137107596498,0.12475025484280937,1.4936957088553482,0.9459111583120838,1.2744748036139002,0.5526544476981768,3,0.7272727272727273,2,"[3218.7284036719357,3218.7284036719357]","[12.875093138251032,12.885986567184762]","[0.19977878503898355,0.12423455252561821]","[4070.9776776120934,6270.134405558517]","[0.8333333333333334,0.8333333333333334]","[0.6284303931362755,0.6138684471003399]","[9.621527777777777,15.274305555555555]","[13.756094511813977,13.623002522178483]","[89.54513888888889,83.89236111111111]","[72.6109391124871,72.48876124561565]","[14080.936311645768,20195.9218116457]"
200,1513,1.645276058791803,117.32469894016964,4.215236407492188,0.4701678467666569,0.7844500540127036,1.020910304256984,1.7347269923083035,0.6421413022754368,6,0.7272727272727273,1,"[2815.7927745640704]","[13.098894083953002]","[0.36048980014497256]","[711.2770043752558]","[3.9525462962962963]","[0.13774104683195593]","[58.93402777777777]","[14.064891337618612]","[37.40625]","[73.14879133092526]","[4036.1224755950097]"
200,1513,1.645276058791803,117.32469894016964,4.215236407492188,0.4701678467666569,0.7844500540127036,1.020910304256984,1.7347269923083037,0.6421413022754368,8,0.7272727272727273,1,"[3226.429220854664]","[14.053426248548199]","[0.4229861210473601]","[503.69851328163224]","[4.700231481481482]","[0.5190264891757429]","[2.3819444444444446]","[13.607441409165546]","[92.09837962962962]","[70.84618259975703]","[3460.909475595011]"
200,1513,9.308034369160998,25.134739266374535,3.073523694363291,0.2114589806538251,1.4543402166506127,0.9834479474610694,1.503172359157097,0.22699368024855252,8,0.7272727272727273,1,"[1596.0559434147808]","[13.14496831242639]","[0.3245250468115546]","[971.5754291994292]","[0.46064814814814814]","[0.2488225120468167]","[96.65162037037037]","[13.482850759998248]","[3.033564814814815]","[72.04474024267378]","[4138.720373294391]"
200,1513,7.74195581326754,388.85171300981415,8.134141835212386,0.9621363780003931,1.969945845521535,1.2046196002459486,1.6510897143579144,0.6121175128760303,10,0.8181818181818182,2,"[4277.368843107956,4277.368843107956]","[14.102564102564102,14.201680672268907]","[0.0,0.0]","[100.85471327023116,106.07388496879854]","[1.2858796296296298,1.2789351851851851]","[0.0,0.0]","[0.21064814814814814,0.19907407407407407]","[14.852941176470589,14.317073170731707]","[98.47685185185185,98.52199074074075]","[69.66520650813516,69.0079365079365]","[4189.45458089998,4196.95808089998]"
200,1513,1.9474300956085902,286.2970258216577,2.3005815892622437,0.21272752650124732,1.4883946004839317,0.8157263221808837,1.1060159769831943,0.8307176153606399,3,0.7954545454545454,4,"[1431.4851291082887,1574.6336420191176,1431.4851291082887,1431.4851291082887]","[12.715208034433285,12.624452409398646,11.834733893557422,10.319148936170212]","[0.0,0.0,0.0,0.0]","[111.40242581274256,124.89267444147649,124.27122403141217,102.53670808799095]","[1.7013888888888888,1.8715277777777777,1.7013888888888888,1.7013888888888888]","[2.4695121951219514,2.111111111111111,2.1315192743764175,2.4099883855981417]","[0.2800925925925926,0.28935185185185186,0.2835648148148148,0.24189814814814814]","[14.817073170731707,16.352201257861633,15.160210425633668,13.240418118466899]","[98.01851851851852,97.83912037037038,98.0150462962963,98.05671296296296]","[69.51013513513513,69.35010482180293,71.87948350071736,73.32859174964437]","[1395.954162845433,1450.9456628454332,1428.950662845433,1376.9186628454331]"
200,1513,8.889728043042494,266.587347096332,9.337815280206897,0.6611409810286074,1.3131525658280208,1.433890836271299,1.8050864289952357,0.9998539070171324,5,0.8181818181818182,2,"[1066.349388385328,1066.349388385328]","[12.925219090255059,12.869579923973971]","[0.1870064250921464,0.1759338413205389]","[37047.303046759436,36921.238208841874]","[0.2777777777777778,0.2777777777777778]","[0.7018599630538211,0.7076606021395857]","[86.32407407407408,87.7349537037037]","[13.812403244470156,13.783638545189582]","[13.398148148148149,11.987268518518519]","[72.3239226992946,72.39723537024932]","[107885.613834497,106727.47633449783]"
200,1513,3.7158753076139894,286.1829888977266,11.103884692002177,0.9295458718029895,1.5728727282859316,0.7987566157530466,1.0601738169416712,0.9965078245790793,3,0.8181818181818182,2,"[2575.6469000795396,2575.6469000795396]","[12.897853634632114,13.036518118686534]","[0.15953287319828893,0.20472555181968277]","[30442.578204366167,31072.62860523221]","[1.6041666666666665,1.6041666666666665]","[0.7162385781097471,0.7016350219752698]","[66.98263888888889,68.00925925925927]","[13.784928050173054,13.84671006374685]","[31.413194444444446,30.386574074074076]","[72.52266554836649,72.12018595088077]","[90816.36765216314,91975.5941521629]"
200,1513,7.120130270271415,396.7601261370151,7.917953417893346,0.7101634496161042,0.9048130856823294,1.5931201405443982,1.8580508520454204,0.21559456883165007,5,0.7272727272727273,2,"[1587.0405045480604,1587.0405045480604]","[12.8658915034167,13.144171467054335]","[0.12958596507692316,0.18669417853633297]","[21086.148902523935,20535.827972451683]","[0.5185185185185185,0.5185185185185185]","[0.7470489183365232,0.6967437977558649]","[71.69560185185185,71.42476851851852]","[13.82556932085702,14.056385765423975]","[27.78587962962963,28.056712962962965]","[72.4923904853236,71.80917658548589]","[62627.64664058958,60760.86464058973]"
200,1513,7.265730632908699,6.276060355034508,14.97077889420893,1.759550662335909,1.9823689946566174,0.8815204174651392,1.6443979835126024,0.1411504806607608,3,0.9090909090909091,1,"[56.48454319531058]","[13.147348405742438]","[0.17983934991921183]","[48844.8707831365]","[0.020833333333333336]","[0.798341639403628]","[99.97685185185186]","[13.726575201505682]","[0.0023148148148148147]","[72.10397641304795]","[144112.8188692184]"
200,1513,7.265730632908698,6.276060355034507,14.97077889420893,1.759550662335909,1.9823689946566176,0.8815204174651393,1.6443979835126024,0.1411504806607608,2,0.9090909090909091,1,"[31.380301775172533]","[11.11111111111111]","[0.0]","[194.44993775585428]","[0.011574074074074075]","[1.4603174603174605]","[99.98611111111111]","[14.74074074074074]","[0.0023148148148148147]","[72.13403880070547]","[7729.469369217367]"
200,1513,7.265730632908698,6.276060355034508,14.97077889420893,1.759550662335909,1.9823689946566176,0.8815204174651392,1.644398008068123,0.1411504806607608,4,0.9090909090909091,1,"[75.3127242604141]","[13.073699668694035]","[0.21055687044163285]","[47793.16195087107]","[0.027777777777777776]","[0.7378127484297001]","[99.9699074074074]","[13.897973608140953]","[0.0023148148148148147]","[72.0559122966132]","[141232.5503692185]"
200,1513,6.835376989620502,403.9288454304297,5.106629421751821,0.30727313639042486,1.0413494748781853,0.3450365258791348,1.9122763134106635,0.6012908623431679,11,0.8181818181818182,1,"[2827.501918013008]","[14.907407407407407]","[0.0]","[65.54573882412325]","[0.9560185185185186]","[0.0]","[0.28703703703703703]","[16.666666666666664]","[98.75578703703704]","[66.66666666666666]","[2623.180122439476]"
200,1513,6.835376989620502,403.9288454304297,5.091219635074772,0.30727313639042486,1.0413494748781853,0.3450365258791348,1.9122763134106633,0.5998342336830585,4,0.8181818181818182,1,"[2827.501918013008]","[14.169278996865202]","[0.0]","[125.02609226193019]","[0.9560185185185186]","[1.8693221523410202]","[0.3576388888888889]","[14.553915275994864]","[98.6863425925926]","[70.82039911308203]","[2777.674924837799]"
200,1513,9.641923941353006,108.22917671909208,2.009755561988105,0.32330018566050833,1.6046478348980455,1.3571934264752818,1.9560313226300172,0.5958198796007986,12,0.8181818181818182,1,"[1190.5209439100126]","[11.827731092436975]","[0.0]","[91.95524382742278]","[0.2800925925925926]","[0.0]","[0.1863425925925926]","[13.51043643263757]","[99.51967592592592]","[72.06380857427718]","[1211.8216697550174]"
200,1513,9.641923941353006,108.22917671909207,2.009755561988105,0.32329990679678555,1.6046478348980457,1.3571934264752818,1.9560313226300172,0.5958198796007986,10,0.8181818181818182,1,"[1406.9792973481967]","[15.28913551401869]","[0.0]","[132.07751517304496]","[0.33333333333333337]","[0.0]","[0.2847222222222222]","[15.168943206326382]","[99.38194444444444]","[68.58552631578948]","[1358.1446697550175]"
200,1513,3.8353322842227744,261.67621331422225,6.918922862254691,0.3319094616850524,1.0227932842458423,0.9963973207937783,1.569743919417536,0.4793521016760778,7,0.7575757575757575,3,"[2616.762133142223,4448.495626341779,4710.171839656001]","[11.666666666666666,13.489906832298136,13.003424805999913]","[0.0,0.5851842000265992,0.49175970228601806]","[175.641984657783,442.46936516570577,489.1690339470513]","[1.574074074074074,2.677083333333333,2.8402777777777777]","[0.0,0.2232142857142857,0.21739130434782608]","[14.209490740740742,1.5104166666666665,1.4502314814814814]","[10.491071428571427,13.463967163943485,11.60207222438982]","[83.58101851851852,95.57291666666666,95.63310185185185]","[73.15972222222223,71.74430545182973,73.27350760827156]","[3802.9849738808634,4596.908473880864,4722.017973880866]"
200,1513,1.1258719386330243,480.9052119850925,13.141195699024593,0.795076911525879,1.5231828664345708,0.13847716735626128,0.8220767592889359,0.9130493373414954,2,0.7272727272727273,2,"[1683.1682419478236,2404.5260599254625]","[10.941931631586804,14.568365203935006]","[0.0,0.0]","[198.63721107444988,235.09084838452355]","[3.4594907407407405,4.94212962962963]","[0.5555555555555556,1.034887442654433]","[72.48032407407408,67.98148148148148]","[14.285714285714285,12.962962962962962]","[23.07175925925926,27.07638888888889]","[73.91774891774892,71.91358024691357]","[6850.174935527159,6970.771435527158]"
200,1513,0.8036739123554613,313.93746074505447,7.6019216225839585,0.4199182268321483,1.685491258881072,0.11215760642632269,1.3903937087759797,0.4902206260106132,10,0.8181818181818182,4,"[4081.1869896857083,4081.1869896857083,3924.218259313181,4081.1869896857083]","[15.50171526586621,14.423076923076923,14.3658810325477,13.142857142857142]","[0.0,0.0,0.0,0.0]","[103.06435830931875,116.64406482903152,119.32207079775873,90.57877338837822]","[12.22800925925926,12.675925925925926,11.770833333333332,11.769675925925927]","[0.0,0.0,0.0,0.0]","[0.30092592592592593,0.2662037037037037,0.27314814814814814,0.22569444444444445]","[13.746630727762803,13.142857142857142,13.877005347593581,12.202380952380953]","[86.56828703703704,86.89351851851852,84.28935185185185,87.99537037037037]","[69.37178387650086,72.56410256410257,70.03367003367003,75.0952380952381]","[3916.4323788379843,3971.6468788379843,3978.3473788379843,3886.2143788379844]"
200,1513,3.208013763101869,346.3237488353441,7.951164319308547,0.9283530665870514,1.6065713521050988,0.510258014636993,1.7782990515257875,0.8795944880631561,8,0.8181818181818182,3,"[4155.88498602413,4155.88498602413,4155.88498602413]","[14.348323170731707,13.01945181255526,15.162652486706289]","[0.0,0.0,0.0]","[122.49511330334836,198.74442848978185,130.67282495085055]","[3.0,3.0011574074074074,3.1296296296296298]","[0.0,0.0,0.0]","[0.2627314814814815,0.6018518518518519,0.5578703703703703]","[17.00120433560819,14.649507119386637,14.61038961038961]","[96.4872685185185,96.01736111111111,95.67361111111111]","[69.56908665105385,71.94003285870755,69.96047430830039]","[4151.063373267138,4387.558873267137,4194.104373267137]"
200,1513,0.5110267357796898,462.04183879063544,3.960879531491944,0.8042246393399756,1.7990663819864556,1.0968428921741162,1.8532263671421674,0.7845455332388207,12,0.7575757575757577,3,"[2310.2091939531774,2310.2091939531774,2310.2091939531774]","[15.09009009009009,16.228070175438596,12.5]","[0.0,0.0,0.0]","[78.38945780749395,50.425115936381886,77.40296087024124]","[10.462962962962962,10.462962962962962,10.462962962962962]","[0.0,0.0,0.0]","[0.18287037037037038,0.19560185185185186,0.16435185185185186]","[11.634199134199132,15.587044534412955,17.57142857142857]","[89.35416666666666,89.34143518518519,89.36921296296296]","[72.2007722007722,65.47619047619048,69.375]","[2118.7576751148463,2031.0236751148464,2100.2121751148466]"
200,1513,7.1162401309460055,480.33788702988977,7.39688944162325,0.6345741747511073,0.9577168934127667,0.3941490400985094,1.626034513356621,0.12435663303450671,8,0.8181818181818182,2,"[3842.703096239118,3842.703096239118]","[15.37433155080214,14.41115702479339]","[0.0,0.0]","[131.6354856577045,91.88754400377395]","[1.3206018518518516,1.2430555555555556]","[0.0,0.0]","[0.44907407407407407,0.2789351851851852]","[16.00678733031674,14.813311688311689]","[98.14930555555556,98.47569444444446]","[69.83957219251337,69.8488421955403]","[3916.1504319765545,3795.7539319765547]"
200,1513,0.9913185886962262,14.348176778850556,10.864391150201053,0.9945636482697774,1.41096972833773,0.49645740763138035,1.0351538827956168,0.12237337750476195,8,0.8181818181818182,2,"[846.5424299521817,731.7570157213775]","[13.243196243804888,13.07831815826486]","[0.3739153832982133,0.0]","[877.4264044885256,926.0754886466951]","[1.9340277777777777,1.6678240740740742]","[0.46879204363976923,0.2493131484777634]","[98.06365740740742,98.2800925925926]","[14.202037351443124,13.43374158667108]","[0.0023148148148148147,0.0023148148148148147]","[72.26472547340374,73.35603424877243]","[7747.534252098121,7808.791752098121]"
200,1513,6.440505343201475,440.8604726991652,5.736667122600509,0.7916412998830636,1.710445699768863,0.41356666837546074,0.7539034801443548,0.9574343986743811,4,0.8181818181818182,3,"[3306.453545243739,3306.453545243739,3086.0233088941563]","[14.642857142857142,15.301003344481607,13.643410852713178]","[0.0,0.0,0.0]","[135.75712001438933,127.81440354814673,114.28769585527704]","[1.1805555555555556,1.1805555555555556,1.1018518518518519]","[1.8137254901960784,1.668520578420467,1.766676819981724]","[0.40625,0.24305555555555555,0.21643518518518517]","[15.490196078431373,16.3265306122449,13.148843026891807]","[98.39930555555554,98.57638888888889,98.68171296296296]","[67.2043010752688,66.8313641245972,70.01438590181623]","[3100.255218846689,3106.2047188466895,3071.235718846689]"
200,1513,9.389819292480784,357.99749530700666,13.350958899505274,0.11883166661827865,1.0730818141054568,0.4574180253111598,0.9083108760135136,0.9605513151725784,4,0.8181818181818182,3,"[4295.969943684081,4295.969943684081,4295.969943684081]","[13.078717196603165,13.133795866046057,13.153904297525061]","[0.17133488837836408,0.16124537265108102,0.1883129572578774]","[15720.738236092206,15712.90233392661,15678.290664845405]","[1.0555555555555556,1.0555555555555556,1.0555555555555556]","[0.7428139846181339,0.7230005576612628,0.7432220999233701]","[48.12152777777778,47.48611111111111,49.726851851851855]","[13.805679845348392,13.876621156207575,14.017224451614084]","[50.82291666666667,51.45833333333333,49.217592592592595]","[72.24937413020393,72.39341696730281,71.93437094133513]","[50260.78277176074,50481.839771760744,49759.06227176077]"
200,1513,4.095058766518682,378.3823375451488,13.632976302932693,1.008055645971799,1.769081298185498,0.1493555584472767,0.393297278163222,0.8578524797932998,2,0.7272727272727273,2,"[1513.5293501805952,1513.5293501805952]","[13.580099590441675,12.906231799650556]","[0.0,0.0]","[199.19990256611047,187.59604465843137]","[0.8518518518518519,0.8518518518518519]","[0.9758187357197259,0.9434801958166443]","[84.29513888888889,83.91898148148148]","[14.306739402204796,15.063649222065063]","[14.85300925925926,15.229166666666664]","[70.27796813094197,70.6030603060306]","[7101.724125404424,7060.099625404423]"
200,1513,7.420201470162147,136.31643558677345,13.100484604109592,0.3504766234042247,1.94971045485149,0.6848110672023606,1.3728860004951458,0.8464772167578397,8,0.6363636363636364,1,"[2453.695840561922]","[14.090972642960338]","[0.1002004008016032]","[436.5348420587686]","[0.7604166666666667]","[0.08012820512820512]","[79.08912037037037]","[13.753770739064858]","[20.150462962962962]","[70.96008018826811]","[7543.422609967365]"
200,1513,7.420201470162145,136.31637168043298,13.100484604109592,0.3504766234042247,1.9497105961778274,0.6848110672023605,1.372886000495146,0.8464772167578397,7,0.6363636363636364,1,"[2590.011061928226]","[12.953032853591376]","[0.0]","[446.57899729890244]","[0.7974537037037037]","[0.0]","[75.69212962962962]","[11.996336996336996]","[23.469907407407405]","[74.43564176704744]","[7545.9951099673635]"
200,1513,1.8721897274296262,480.8797175184655,11.845891794726588,0.5581362954218481,0.7114509543415304,1.6984728833620497,1.903430031309457,0.3338886469575536,8,0.9090909090909091,1,"[6251.436327740052]","[12.359550561797752]","[0.0]","[145.72594745447117]","[7.930555555555555]","[0.19083969465648853]","[0.5497685185185186]","[11.387208297320656]","[91.35532407407408]","[73.92075694855114]","[6091.031061467731]"
200,1513,1.8721897274296262,480.87971751846555,11.845891794726587,0.5581362954218481,0.7114509543415305,1.6984728833620497,1.903430031309457,0.3338886469575536,6,0.9090909090909091,1,"[6732.316045258517]","[13.17351598173516]","[0.0]","[357.53715707403705]","[8.328703703703704]","[0.0]","[1.5347222222222223]","[11.96662507797879]","[90.07638888888889]","[74.94394618834082]","[6672.869561467731]"
200,1513,0.7206076840972765,257.68842193657053,0.17689807957718112,0.7026869780708822,1.0664760109440687,0.3558152705911646,1.5768511693284428,0.9333541658414101,10,0.9454545454545454,5,"[257.68842193657053,257.68842193657053,257.68842193657053,257.68842193657053,257.68842193657053]","[14.583333333333332,7.142857142857142,7.142857142857142,0.0,16.025641025641026]","[0.0,0.0,0.0,0.0,0.0]","[5.649522120350257,5.30176063609815,7.25926823282914,6.816658394362804,12.582969840153357]","[0.8287037037037037,0.8287037037037037,0.8287037037037037,0.8287037037037037,0.8287037037037037]","[0.0,0.0,0.0,0.0,0.0]","[0.015046296296296295,0.013888888888888888,0.025462962962962965,0.017361111111111112,0.032407407407407406]","[0.0,0.0,0.0,0.0,16.62489557226399]","[99.15625,99.1574074074074,99.14583333333334,99.15393518518519,99.13888888888889]","[70.83333333333333,66.14583333333333,85.71428571428572,100.0,69.53441295546558]","[98.80557819701616,95.84907819701617,101.93157819701617,98.02307819701616,118.93957819701617]"
